{
  "pricing_data": {
    "theoretical_prices": {
      "(85, 0.083)": 15.354963799117343,
      "(85, 0.25)": 16.203863304442038,
      "(85, 0.5)": 17.652310373720013,
      "(90, 0.083)": 10.432916169731712,
      "(90, 0.25)": 11.670086691861101,
      "(90, 0.5)": 13.498517482637212,
      "(95, 0.083)": 5.894797548412058,
      "(95, 0.25)": 7.714369430203547,
      "(95, 0.5)": 9.872742400408974,
      "(100, 0.083)": 2.5066208017644627,
      "(100, 0.25)": 4.614997129602855,
      "(100, 0.5)": 6.888728577680624,
      "(105, 0.083)": 0.740158599619896,
      "(105, 0.25)": 2.477901874073254,
      "(105, 0.5)": 4.581680167540007,
      "(110, 0.083)": 0.1461405803072111,
      "(110, 0.25)": 1.1911316636130742,
      "(110, 0.5)": 2.9064713215924165,
      "(115, 0.083)": 0.019269083341627802,
      "(115, 0.25)": 0.5136885642348599,
      "(115, 0.5)": 1.7616039115315871
    },
    "market_prices": {
      "(85, 0.083)": 15.367520740991342,
      "(85, 0.25)": 16.210695123107023,
      "(85, 0.5)": 17.65943545554467,
      "(90, 0.083)": 10.444855656876967,
      "(90, 0.25)": 11.680506318270112,
      "(90, 0.5)": 13.50384951655768,
      "(95, 0.083)": 5.906856915891986,
      "(95, 0.25)": 7.72445649994051,
      "(95, 0.5)": 9.878605373844115,
      "(100, 0.083)": 2.5176652312716055,
      "(100, 0.25)": 4.623575707176711,
      "(100, 0.5)": 6.89257915548288,
      "(105, 0.083)": 0.7500861482683989,
      "(105, 0.25)": 2.486486408660911,
      "(105, 0.5)": 4.588343939255351,
      "(110, 0.083)": 0.15937129863579033,
      "(110, 0.25)": 1.2013604419333728,
      "(110, 0.5)": 2.914263517764776,
      "(115, 0.083)": 0.030787267415391634,
      "(115, 0.25)": 0.5247579283152769,
      "(115, 0.5)": 1.767224893003799
    },
    "pricing_deviations": {
      "(85, 0.083)": 0.01255694187399857,
      "(85, 0.25)": 0.006831818664983339,
      "(85, 0.5)": 0.007125081824658562,
      "(90, 0.083)": 0.011939487145256281,
      "(90, 0.25)": 0.010419626409011395,
      "(90, 0.5)": 0.005332033920469241,
      "(95, 0.083)": 0.012059367479928088,
      "(95, 0.25)": 0.010087069736963113,
      "(95, 0.5)": 0.005862973435141356,
      "(100, 0.083)": 0.011044429507142878,
      "(100, 0.25)": 0.008578577573855804,
      "(100, 0.5)": 0.0038505778022565607,
      "(105, 0.083)": 0.009927548648502843,
      "(105, 0.25)": 0.008584534587657226,
      "(105, 0.5)": 0.00666377171534327,
      "(110, 0.083)": 0.013230718328579211,
      "(110, 0.25)": 0.010228778320298493,
      "(110, 0.5)": 0.0077921961723593815,
      "(115, 0.083)": 0.011518184073763833,
      "(115, 0.25)": 0.011069364080417043,
      "(115, 0.5)": 0.005620981472211937
    }
  },
  "implied_volatilities": {
    "(85, 0.083)": 0.23776697588351475,
    "(85, 0.25)": 0.20170891133470376,
    "(85, 0.5)": 0.20066790279219163,
    "(90, 0.083)": 0.20631897971281735,
    "(90, 0.25)": 0.20110685636182302,
    "(90, 0.5)": 0.20030911241747232,
    "(95, 0.083)": 0.201707842789037,
    "(95, 0.25)": 0.2006402800453233,
    "(95, 0.5)": 0.2002503196357391,
    "(100, 0.083)": 0.2009658329557883,
    "(100, 0.25)": 0.20043670216695025,
    "(100, 0.5)": 0.2001407443933363,
    "(105, 0.083)": 0.20113888404999966,
    "(105, 0.25)": 0.20045189108208641,
    "(105, 0.5)": 0.20023735029314016,
    "(110, 0.083)": 0.20375836191019256,
    "(110, 0.25)": 0.20069326813961036,
    "(110, 0.5)": 0.2003024663575663,
    "(115, 0.083)": 0.21262609706198465,
    "(115, 0.25)": 0.2011662634577003,
    "(115, 0.5)": 0.20026205450401105
  },
  "smile_analysis": {
    "0.083": {
      "atm_iv": 0.2009658329557883,
      "skew": -0.0025606178026247872,
      "iv_range": 0.03680114292772646,
      "strikes": [
        85,
        90,
        95,
        100,
        105,
        110,
        115
      ],
      "ivs": [
        0.23776697588351475,
        0.20631897971281735,
        0.201707842789037,
        0.2009658329557883,
        0.20113888404999966,
        0.20375836191019256,
        0.21262609706198465
      ]
    },
    "0.25": {
      "atm_iv": 0.20043670216695025,
      "skew": -0.00041358822221265745,
      "iv_range": 0.001272209167753502,
      "strikes": [
        85,
        90,
        95,
        100,
        105,
        110,
        115
      ],
      "ivs": [
        0.20170891133470376,
        0.20110685636182302,
        0.2006402800453233,
        0.20043670216695025,
        0.20045189108208641,
        0.20069326813961036,
        0.2011662634577003
      ]
    },
    "0.5": {
      "atm_iv": 0.2001407443933363,
      "skew": -6.646059906023627e-06,
      "iv_range": 0.0005271583988553374,
      "strikes": [
        85,
        90,
        95,
        100,
        105,
        110,
        115
      ],
      "ivs": [
        0.20066790279219163,
        0.20030911241747232,
        0.2002503196357391,
        0.2001407443933363,
        0.20023735029314016,
        0.2003024663575663,
        0.20026205450401105
      ]
    }
  },
  "risk_metrics": {
    "mean_absolute_deviation": 0.009063050608228498,
    "max_absolute_deviation": 0.013230718328579211,
    "mean_relative_deviation": 0.03607023232709403,
    "max_relative_deviation": 0.5977546450733658,
    "deviation_volatility": 0.0026326762848696266,
    "var_multiplier": 1.072140464654188,
    "tail_risk_factor": 1.597754645073366,
    "hedge_effectiveness": 0.9278595353458119,
    "effective_transaction_costs": 0.001392856708486417
  },
  "analysis_timestamp": "2025-09-24T06:45:37.308151"
}